Telegram ID,Timestamp
1181480291,2024-08-27T21:34:35.540Z
530991842,2024-08-27T21:34:35.548Z
2126747399,2024-08-27T21:34:35.560Z
1884307895,2024-08-27T21:34:35.561Z
960487228,2024-08-27T21:34:35.620Z
1051498964,2024-08-27T21:34:35.621Z
5262622654,2024-08-27T21:34:35.635Z
7031719469,2024-08-27T21:34:35.637Z
518987142,2024-08-27T21:34:35.637Z
7066799579,2024-08-27T21:34:35.636Z
709805137,2024-08-27T21:34:35.638Z
1948047466,2024-08-27T21:34:35.639Z
1645828278,2024-08-27T21:34:35.640Z
1265731540,2024-08-27T21:34:35.642Z
818121161,2024-08-27T21:34:35.641Z
701887751,2024-08-27T21:34:35.643Z
5523377126,2024-08-27T21:34:35.644Z
888164145,2024-08-27T21:34:35.643Z
781868870,2024-08-27T21:34:35.644Z
6330609654,2024-08-27T21:34:35.645Z
1110040549,2024-08-27T21:34:35.646Z
5600809632,2024-08-27T21:34:35.646Z
1348450169,2024-08-27T21:34:35.647Z
768464762,2024-08-27T21:34:35.648Z
1328069055,2024-08-27T21:34:35.649Z
932476928,2024-08-27T21:34:35.650Z
977696404,2024-08-27T21:34:35.651Z
634719615,2024-08-27T21:34:35.652Z
1276513678,2024-08-27T21:34:35.653Z
653415213,2024-08-27T21:34:35.654Z
1860755072,2024-08-27T21:34:35.655Z
821508263,2024-08-27T21:34:35.657Z
875223042,2024-08-27T21:34:35.656Z
1851882228,2024-08-27T21:34:35.658Z
5489078739,2024-08-27T21:34:35.659Z
1984887433,2024-08-27T21:34:35.660Z
2056532761,2024-08-27T21:34:35.661Z
7069039789,2024-08-27T21:34:35.660Z
835527239,2024-08-27T21:34:35.664Z
1061367656,2024-08-27T21:34:35.662Z
5185160216,2024-08-27T21:34:35.665Z
5384443249,2024-08-27T21:34:35.666Z
865658566,2024-08-27T21:34:35.666Z
359440353,2024-08-27T21:34:35.663Z
1001150166,2024-08-27T21:34:35.667Z
417780059,2024-08-27T21:34:35.668Z
938834377,2024-08-27T21:34:35.669Z
784964434,2024-08-27T21:34:35.754Z
6042845477,2024-08-27T21:34:35.755Z
969031105,2024-08-27T21:34:35.755Z
1675257990,2024-08-27T21:34:35.756Z
6210062414,2024-08-27T21:34:35.756Z
865553817,2024-08-27T21:34:35.758Z
5513418010,2024-08-27T21:34:35.768Z
565437238,2024-08-27T21:34:35.799Z
927582114,2024-08-27T21:34:35.801Z
980056383,2024-08-27T21:34:35.800Z
1002105927,2024-08-27T21:34:35.802Z
789710839,2024-08-27T21:34:35.802Z
900913171,2024-08-27T21:34:35.805Z
706714342,2024-08-27T21:34:35.804Z
962347786,2024-08-27T21:34:35.805Z
1638456081,2024-08-27T21:34:35.806Z
582848079,2024-08-27T21:34:35.806Z
1654570563,2024-08-27T21:34:35.808Z
6696808723,2024-08-27T21:34:35.808Z
6919067492,2024-08-27T21:34:35.810Z
915989460,2024-08-27T21:34:35.807Z
1181894793,2024-08-27T21:34:35.809Z
1483323572,2024-08-27T21:34:35.811Z
668622640,2024-08-27T21:34:35.812Z
5718304023,2024-08-27T21:34:35.812Z
495260351,2024-08-27T21:34:35.813Z
1064622908,2024-08-27T21:34:35.814Z
735461035,2024-08-27T21:34:35.811Z
5014753731,2024-08-27T21:34:35.815Z
790195096,2024-08-27T21:34:35.817Z
955653324,2024-08-27T21:34:35.818Z
6591855488,2024-08-27T21:34:35.815Z
6582681143,2024-08-27T21:34:35.818Z
6841055178,2024-08-27T21:34:35.819Z
792716196,2024-08-27T21:34:35.820Z
945699764,2024-08-27T21:34:35.821Z
5130254877,2024-08-27T21:34:35.820Z
1495454689,2024-08-27T21:34:35.822Z
682426078,2024-08-27T21:34:35.823Z
1738197816,2024-08-27T21:34:35.824Z
5233869819,2024-08-27T21:34:35.825Z
895101362,2024-08-27T21:34:35.826Z
842270482,2024-08-27T21:34:35.828Z
736365097,2024-08-27T21:34:35.827Z
734934587,2024-08-27T21:34:35.827Z
1335483723,2024-08-27T21:34:35.830Z
1062323663,2024-08-27T21:34:35.829Z
774771116,2024-08-27T21:34:35.831Z
947395624,2024-08-27T21:34:35.832Z
5828611245,2024-08-27T21:34:35.833Z
755820256,2024-08-27T21:34:35.849Z
5814769834,2024-08-27T21:42:14.274Z
543422107,2024-08-27T21:42:14.350Z
7148005547,2024-08-27T21:42:14.425Z
1937084129,2024-08-27T21:42:14.494Z
7369983239,2024-08-27T21:42:14.572Z
802429450,2024-08-27T21:42:14.653Z
2052085603,2024-08-27T21:42:14.742Z
1230387988,2024-08-27T21:42:14.836Z
519231872,2024-08-27T21:42:14.972Z
1908598806,2024-08-27T21:42:15.083Z
1073050241,2024-08-27T21:42:15.167Z
6238582232,2024-08-27T21:42:15.278Z
1813943578,2024-08-27T21:42:15.384Z
1986845888,2024-08-27T21:42:15.485Z
6513059309,2024-08-27T21:42:15.616Z
607371369,2024-08-27T21:42:15.815Z
6925928732,2024-08-27T21:42:15.979Z
541319508,2024-08-27T21:42:16.161Z
844206630,2024-08-27T21:42:16.296Z
685847304,2024-08-27T21:42:16.369Z
890211788,2024-08-27T21:42:16.409Z
1957883817,2024-08-27T21:42:16.451Z
621075186,2024-08-27T21:42:16.519Z
1000430352,2024-08-27T21:42:16.577Z
940707181,2024-08-27T21:42:16.631Z
820620859,2024-08-27T21:42:16.678Z
1238550461,2024-08-27T21:42:16.763Z
726176074,2024-08-27T21:42:16.797Z
1711412637,2024-08-27T21:42:16.832Z
7002301892,2024-08-27T21:42:16.874Z
425316271,2024-08-27T21:42:16.931Z
932884938,2024-08-27T21:42:16.982Z
980999100,2024-08-27T21:42:17.020Z
698538906,2024-08-27T21:42:17.097Z
627246689,2024-08-27T21:42:17.148Z
7016644576,2024-08-27T21:42:17.209Z
927870160,2024-08-27T21:42:17.265Z
876621572,2024-08-27T21:42:17.330Z
854957252,2024-08-27T21:42:17.382Z
879228870,2024-08-27T21:42:17.424Z
418223506,2024-08-27T21:42:17.469Z
1296962801,2024-08-27T21:42:17.542Z
828909353,2024-08-27T21:42:17.581Z
458272666,2024-08-27T21:42:17.625Z
1056024555,2024-08-27T21:42:17.680Z
1038010220,2024-08-27T21:42:17.741Z
626224616,2024-08-27T21:42:17.783Z
5033339519,2024-08-27T21:42:17.834Z
7131534901,2024-08-27T21:42:17.875Z
559915862,2024-08-27T21:42:17.922Z
5150979186,2024-08-27T21:42:17.971Z
995839249,2024-08-27T21:42:18.009Z
5024602046,2024-08-27T21:42:18.065Z
1029518379,2024-08-27T21:42:18.104Z
722452813,2024-08-27T21:42:18.139Z
321836169,2024-08-27T21:42:18.209Z
888929596,2024-08-27T21:42:18.295Z
626636634,2024-08-27T21:42:18.342Z
6863682734,2024-08-27T21:42:18.376Z
959962819,2024-08-27T21:42:18.427Z
2065998598,2024-08-27T21:42:18.476Z
1797339174,2024-08-27T21:42:18.507Z
5393405601,2024-08-27T21:42:18.544Z
809507026,2024-08-27T21:42:18.592Z
1030252819,2024-08-27T21:42:18.656Z
5581812949,2024-08-27T21:42:18.696Z
427725290,2024-08-27T21:42:18.758Z
648990733,2024-08-27T21:42:18.813Z
6125202613,2024-08-27T21:42:18.846Z
1273686371,2024-08-27T21:42:18.900Z
783742438,2024-08-27T21:42:18.949Z
915482786,2024-08-27T21:42:18.996Z
748605404,2024-08-27T21:42:19.035Z
623689446,2024-08-27T21:42:19.074Z
802316900,2024-08-27T21:42:19.108Z
882217166,2024-08-27T21:42:19.143Z
1010084083,2024-08-27T21:42:19.185Z
1071988240,2024-08-27T21:42:19.238Z
852238422,2024-08-27T21:42:19.288Z
883542999,2024-08-27T21:42:19.326Z
6843086657,2024-08-27T21:42:19.365Z
7522775193,2024-08-27T21:42:19.404Z
5854336756,2024-08-27T21:42:19.447Z
5833480675,2024-08-27T21:42:19.481Z
786279129,2024-08-27T21:42:19.519Z
635180446,2024-08-27T21:42:19.555Z
974663807,2024-08-27T21:42:19.629Z
986036300,2024-08-27T21:42:19.684Z
868198322,2024-08-27T21:42:19.726Z
1183052943,2024-08-27T21:42:19.803Z
778404791,2024-08-27T21:42:19.844Z
6649317391,2024-08-27T21:42:19.894Z
1231094784,2024-08-27T21:42:19.930Z
6835720098,2024-08-27T21:42:20.007Z
7388754951,2024-08-27T21:42:20.070Z
904235271,2024-08-27T21:42:20.155Z
334156607,2024-08-27T21:42:20.194Z
982358074,2024-08-27T21:42:20.239Z
5533088054,2024-08-27T21:42:20.282Z
1117539124,2024-08-27T21:42:20.316Z
1382606450,2024-08-27T21:42:20.390Z
777147331,2024-08-27T21:42:20.428Z
816499301,2024-08-27T21:42:20.482Z
773627858,2024-08-27T21:42:20.538Z
7374262913,2024-08-27T21:53:27.261Z
1274404529,2024-08-27T21:53:27.330Z
373583308,2024-08-27T21:53:27.397Z
464859314,2024-08-27T21:53:27.451Z
1716071607,2024-08-27T21:53:27.507Z
686831074,2024-08-27T21:53:27.579Z
851295072,2024-08-27T21:53:27.617Z
5306548944,2024-08-27T21:53:27.665Z
5674532408,2024-08-27T21:53:27.705Z
5644745604,2024-08-27T21:53:27.758Z
1394014910,2024-08-27T21:53:27.810Z
1710134285,2024-08-27T21:53:27.852Z
739101940,2024-08-27T21:53:27.925Z
6204093680,2024-08-27T21:53:27.969Z
725286519,2024-08-27T21:53:28.016Z
1939781075,2024-08-27T21:53:28.068Z
510178337,2024-08-27T21:53:28.127Z
284302818,2024-08-27T21:53:28.198Z
679171030,2024-08-27T21:53:28.236Z
1274966875,2024-08-27T21:53:28.311Z
1913186412,2024-08-27T21:53:28.364Z
703600041,2024-08-27T21:53:28.400Z
5916241713,2024-08-27T21:53:28.433Z
7174027757,2024-08-27T21:53:28.466Z
1011039986,2024-08-27T21:53:28.508Z
623438884,2024-08-27T21:53:28.547Z
725472550,2024-08-27T21:53:28.599Z
5540305391,2024-08-27T21:53:28.650Z
